1259550617.41617,smbd
1259550617.41963,smbd
1259550617.42298,smbd
1259550617.4262,smbd
1259550617.42939,smbd
1259550617.43262,smbd
1259550617.43591,smbd
1259550617.43918,smbd
1259550617.4425,smbd
1259550617.44568,smbd
1259550617.44888,smbd
1259550617.45208,smbd
1259550617.45546,smbd
1259550617.45872,smbd
1259550617.46195,smbd
1259550617.46521,smbd
1259550617.46933,smbd
1259550617.47273,smbd
1259550617.47612,smbd
1259550617.47964,smbd
1259550617.48316,smbd
1259550617.48654,smbd
1259550617.48998,smbd
1259550617.49335,smbd
1259550617.49667,smbd
1259550617.50078,smbd
1259550617.50522,smbd
1259550617.50963,smbd
1259550617.51361,smbd
1259550617.51745,smbd
1259550617.52101,smbd
1259550617.52467,smbd
1259550618.00227,smbd
1259550618.00569,smbd
1259550618.0091,smbd
1259550618.01245,smbd
1259550618.01578,smbd
1259550618.0191,smbd
1259550618.02242,smbd
1259550618.02582,smbd
1259550618.02918,smbd
1259550618.03248,smbd
1259550618.03592,smbd
1259550618.03932,smbd
1259550618.04262,smbd
1259550618.04597,smbd
1259550618.04963,smbd
1259550618.0531,smbd
1259550618.05638,smbd
1259550618.05966,smbd
1259550618.06303,smbd
1259550618.06637,smbd
1259550618.0703,smbd
1259550618.07365,smbd
1259550618.4197,smbd
1259550618.42326,smbd
1259550618.42666,smbd
1259550618.43071,smbd
1259550618.43411,smbd
1259550618.43752,smbd
1259550618.44103,smbd
1259550618.44477,smbd
1259550618.44815,smbd
1259550618.45155,smbd
1259550618.45501,smbd
1259550618.45845,smbd
1259550618.46176,smbd
1259550618.99852,smbd
1259550619.00314,smbd
1259550619.00659,smbd
1259550619.01006,smbd
1259550619.0135,smbd
1259550619.01699,smbd
1259550619.02035,smbd
1259550619.02386,smbd
1259550619.02726,smbd
1259550619.03103,smbd
1259550619.03436,smbd
1259550619.03782,smbd
1259550619.04179,smbd
1259550619.04519,smbd
1259550619.04875,smbd
1259550619.42389,smbd
1259550619.42757,smbd
1259550619.43111,smbd
1259550619.43466,smbd
1259550619.43819,smbd
1259550619.44159,smbd
1259550619.44508,smbd
1259550619.44855,smbd
1259550619.45201,smbd
1259550619.45587,smbd
1259550619.45935,smbd
1259550619.4628,smbd
1259550619.46626,smbd
1259550620.13078,smbd
1259550620.1343,smbd
1259550620.13794,smbd
1259550620.14135,smbd
1259550620.14478,smbd
1259550620.14823,smbd
1259550620.15172,smbd
1259550620.15525,smbd
1259550620.72917,smbd
1259550620.73333,smbd
1259550620.7368,smbd
1259550620.74063,smbd
1259550620.7441,smbd
1259550620.74776,smbd
1259550620.75122,smbd
1259550620.75489,smbd
1259550620.75845,smbd
1259550620.76197,smbd
1259550620.76611,smbd
1259550620.77017,smbd
1259550620.77371,smbd
1259550620.7771,smbd
1259550620.7806,smbd
1259550620.78419,smbd
1259550620.78775,smbd
1259550620.79126,smbd
1259550620.79511,smbd
1259550620.79978,smbd
1259550620.80408,smbd
1259550620.80822,smbd
1259550620.81195,smbd
1259550620.81562,smbd
1259550620.81906,smbd
1259550621.3952,smbd
1259550621.39902,smbd
1259550621.40253,smbd
1259550621.40608,smbd
1259550621.40953,smbd
1259550621.41319,smbd
1259550621.41667,smbd
1259550621.42048,smbd
1259550621.42445,smbd
1259550621.42798,smbd
1259550621.43157,smbd
1259550621.43534,smbd
1259550621.43888,smbd
1259550621.44248,smbd
1259550621.44622,smbd
1259550621.45044,smbd
1259550621.45393,smbd
1259550621.45758,smbd
1259550621.46105,smbd
1259550621.4647,smbd
1259550621.46857,smbd
1259550621.47236,smbd
1259550621.47578,smbd
1259550621.47967,smbd
1259550621.48345,httpd
1259550622.39211,smbd
1259550622.3969,smbd
1259550622.40077,smbd
1259550622.4052,smbd
1259550622.40878,smbd
1259550622.41243,smbd
1259550622.41598,smbd
1259550622.41967,smbd
1259550622.42319,smbd
1259550622.42677,smbd
1259550622.43105,smbd
1259550622.43461,smbd
1259550622.43808,smbd
1259550622.44204,smbd
1259550622.44602,smbd
1259550622.44955,smbd
1259550622.45387,smbd
1259550623.427,smbd
1259550623.43088,smbd
1259550623.43431,smbd
1259550623.4379,smbd
1259550623.44193,smbd
1259550623.44593,smbd
1259550623.44989,smbd
1259550624.56893,smbd
1259550624.57269,smbd
1259550624.57738,smbd
1259550624.58082,smbd
1259550624.58444,smbd
1259550624.588,smbd
1259550624.59165,smbd
1259550624.59517,smbd
1259550624.59987,smbd
1259550624.60414,smbd
1259550624.60795,smbd
1259550624.61159,smbd
1259550624.61518,smbd
1259550624.61873,smbd
1259550624.6228,smbd
1259550624.62695,smbd
1259550624.63104,smbd
1259550624.63493,smbd
1259550624.6387,smbd
1259550624.64233,smbd
1259550624.64637,smbd
1259550624.65004,smbd
1259550625.59949,smbd
1259550625.604,smbd
1259550625.60782,smbd
1259550625.61158,smbd
1259550625.61534,smbd
1259550625.61891,smbd
1259550625.62302,smbd
1259550625.62689,smbd
1259550625.63099,smbd
1259550625.63494,smbd
1259550625.63856,smbd
1259550625.64213,smbd
1259550625.64569,smbd
1259550625.64974,smbd
1259550625.65375,smbd
1259550625.65734,smbd
1259550625.66091,smbd
1259550625.66514,smbd
1259550625.66988,smbd
1259550625.67402,smbd
1259550625.67818,smbd
1259550626.55948,smbd
1259550626.5634,smbd
1259550626.56698,smbd
1259550626.57067,smbd
1259550626.57477,smbd
1259550626.57857,smbd
1259550626.58281,smbd
1259550626.58638,smbd
1259550626.59048,smbd
1259550626.59486,smbd
1259550626.60015,smbd
1259550626.60575,smbd
1259550626.61027,smbd
1259550626.61534,smbd
1259550626.61975,smbd
1259550627.30812,smbd
1259550627.31178,smbd
1259550627.31551,smbd
1259550627.31929,smbd
1259550627.3231,smbd
1259550627.9474,smbd
1259550627.95134,smbd
1259550627.95506,smbd
1259550627.95864,smbd
1259550627.96237,smbd
1259550627.96668,smbd
1259550627.97063,smbd
1259550629.01758,smbd
1259550629.02142,smbd
1259550629.02525,smbd
1259550629.02906,smbd
1259550629.03307,smbd
1259550629.03669,smbd
1259550629.04035,smbd
1259550629.0447,smbd
1259550629.04848,smbd
1259550629.05338,smbd
1259550629.05733,smbd
1259550629.06118,smbd
1259550629.06503,smbd
1259550629.06893,smbd
1259550629.07364,smbd
1259550629.07731,smbd
1259550629.08109,smbd
1259550629.08522,smbd
1259550629.08981,smbd
1259550629.09369,smbd
1259550629.94891,smbd
1259550629.95306,smbd
1259550629.95778,smbd
1259550629.96145,smbd
1259550629.96574,smbd
1259550629.96945,smbd
1259550629.97315,smbd
1259550629.97688,smbd
1259550629.98123,smbd
1259550629.98499,smbd
1259550629.98866,smbd
1259550629.99236,smbd
1259550629.99612,smbd
1259550630.00117,smbd
1259550630.00589,smbd
1259550630.01043,smbd
1259550630.01493,smbd
1259550630.01926,smbd
1259550630.0237,smbd
1259550630.02838,smbd
1259550631.68886,smbd
1259550631.69273,smbd
1259550631.69736,smbd
1259550631.70206,smbd
1259550631.70669,smbd
1259550631.7107,smbd
1259550631.71539,smbd
1259550631.71912,smbd
1259550631.72336,smbd
1259550631.72704,smbd
1259550633.49315,smbd
1259550633.49744,smbd
1259550633.50198,smbd
1259550633.5061,smbd
1259550633.51032,smbd
1259550633.51483,smbd
1259550633.51995,smbd
1259550633.52502,smbd
1259550633.52919,smbd
1259550633.5338,smbd
1259550633.53824,smbd
1259550634.5294,smbd
1259550634.53378,smbd
1259550634.53792,smbd
1259550634.54183,smbd
1259550635.56503,smbd
1259550635.57005,smbd
1259550635.5741,smbd
1259550636.35673,smbd
1259550636.36118,smbd
1259550637.2761,smbd
1259550637.28005,smbd
1259550638.42369,smbd
1259550638.428,smbd
1259550638.4323,smbd
1259550638.43726,smbd
1259550638.44114,smbd
1259550638.44489,smbd
1259550638.44876,smbd
1259550641.98486,smbd
1259550641.98896,smbd
1259550642.74807,smbd
1259550642.75192,smbd
1259550644.8463,smbd
1259550645.11887,smbd
1259550645.72176,smbd
1259550646.6847,smbd
1259550647.00608,smbd
1259550647.02694,smbd
1259550647.96871,smbd
1259550649.01407,smbd
1259550649.61905,smbd
1259550649.94904,smbd
1259550651.21415,smbd
1259550651.22159,smbd
1259550651.28144,smbd
1259550651.87564,remoteshell
1259550652.02091,smbd
1259550652.19378,remoteshell
1259550652.26585,ftpctrl
1259550652.32663,smbd
1259550652.40123,smbd
1259550652.62608,ftpdata
1259550652.84157,ftpdata
1259550652.85592,smbd
1259550653.22255,smbd
1259550653.30004,smbd
1259550653.3398,smbd
1259550653.37442,smbd
1259550653.49623,smbd
1259550653.67253,smbd
1259550653.72466,httpd
1259550655.60036,smbd
1259550655.86127,smbd
1259550657.16753,smbd
1259550657.67997,smbd
1259550661.81229,smbd
1259550662.37884,smbd
1259550662.83817,smbd
1259550662.86082,smbd
1259550663.01578,smbd
1259550665.00744,smbd
1259550665.16465,smbd
1259550665.35242,smbd
1259550667.12504,smbd
1259550668.03165,smbd
1259550672.5414,smbd
1259550672.86038,smbd
1259550673.80488,smbd
1259550674.27365,smbd
1259550674.51709,smbd
1259550674.76047,smbd
1259550675.43878,smbd
1259550675.81211,smbd
1259550675.97961,smbd
1259550676.40313,smbd
1259550678.46816,smbd
1259550678.53433,smbd
1259550678.53859,smbd
1259550678.54273,smbd
1259550678.54752,smbd
1259550678.55167,smbd
1259550678.55624,smbd
1259550678.68623,smbd
1259550678.69061,smbd
1259550678.69522,smbd
1259550678.76762,smbd
1259550679.21163,smbd
1259550679.2164,smbd
1259550679.22066,smbd
1259550679.22543,smbd
1259550679.22945,smbd
1259550679.23385,smbd
1259550679.23824,smbd
1259550679.24274,smbd
1259550679.44484,smbd
1259550679.44936,smbd
1259550679.45322,smbd
1259550679.83737,smbd
1259550679.84145,smbd
1259550679.84585,smbd
1259550679.85025,smbd
1259550679.85547,smbd
1259550679.86047,smbd
1259550679.86429,smbd
1259550680.28158,smbd
1259550680.28574,smbd
1259550680.28967,smbd
1259550680.29386,smbd
1259550680.29871,smbd
1259550680.30345,smbd
1259550680.73929,smbd
1259550680.74351,smbd
1259550680.7484,smbd
1259550680.7521,smbd
1259550680.75709,smbd
1259550680.7608,smbd
1259550680.76501,smbd
1259550681.28616,smbd
1259550681.2901,smbd
1259550681.96283,smbd
1259550681.96717,smbd
1259550681.97129,smbd
1259550681.97512,smbd
1259550681.97875,smbd
1259550681.98255,smbd
1259550681.98669,smbd
1259550681.99078,smbd
1259550682.69873,smbd
1259550682.7034,smbd
1259550682.70754,smbd
1259550682.71129,smbd
1259550683.52249,smbd
1259550683.52766,smbd
1259550683.53137,smbd
1259550683.53552,smbd
1259550683.54014,smbd
1259550684.38216,smbd
1259550684.38789,smbd
1259550684.39277,smbd
1259550685.19999,smbd
1259550685.92455,smbd
1259550685.92991,smbd
1259550685.93462,smbd
1259550685.93838,smbd
1259550686.5002,smbd
1259550686.50781,smbd
1259550686.51162,smbd
1259550686.51548,smbd
1259550687.06998,smbd
1259550687.07527,smbd
1259550687.07917,smbd
1259550687.49824,smbd
1259550687.50285,smbd
1259550687.507,smbd
1259550687.51121,smbd
1259550687.51506,smbd
1259550687.51887,smbd
1259550687.5226,smbd
1259550687.52635,smbd
1259550687.53033,httpd
1259550687.96971,smbd
1259550687.97409,smbd
1259550687.97819,smbd
1259550687.98305,smbd
1259550688.38771,smbd
1259550688.81059,smbd
1259550688.81459,smbd
1259550689.39206,smbd
1259550689.39619,smbd
1259550689.40054,smbd
1259550689.4057,smbd
1259550689.41092,smbd
1259550689.41599,smbd
1259550689.42052,smbd
1259550689.42565,smbd
1259550689.43053,smbd
1259550689.43619,smbd
1259550689.70958,smbd
1259550689.71548,smbd
1259550689.71991,smbd
1259550690.07762,smbd
1259550690.08205,smbd
1259550690.08596,smbd
1259550690.08981,smbd
1259550690.09415,smbd
1259550690.54907,smbd
1259550690.55437,smbd
1259550690.55831,smbd
1259550690.56278,smbd
1259550690.56668,smbd
1259550690.5714,smbd
1259550690.5759,smbd
1259550690.58001,smbd
1259550690.58537,smbd
1259550691.03077,smbd
1259550691.03636,smbd
1259550691.04118,smbd
1259550691.04647,smbd
1259550691.05039,smbd
1259550691.47729,smbd
1259550692.00816,smbd
1259550692.01368,smbd
1259550692.0192,smbd
1259550692.02298,smbd
1259550692.48734,smbd
1259550692.49388,smbd
1259550692.49845,smbd
1259550692.5029,smbd
1259550693.09735,smbd
1259550693.10238,smbd
1259550693.10685,smbd
1259550693.11116,smbd
1259550695.27812,smbd
1259550695.28409,smbd
1259550695.28801,smbd
1259550695.29275,smbd
1259550695.29699,smbd
1259550695.30279,smbd
1259550695.3075,smbd
1259550695.31283,smbd
1259550695.31761,smbd
1259550695.32188,smbd
1259550695.32686,smbd
1259550695.33116,smbd
1259550696.16903,smbd
1259550696.17374,smbd
1259550696.17771,smbd
1259550697.29091,smbd
1259550697.29518,smbd
1259550697.30014,smbd
1259550697.3042,smbd
1259550697.30906,smbd
1259550698.25828,smbd
1259550698.26811,smbd
1259550699.22544,smbd
1259550700.097,smbd
1259550700.10817,smbd
1259550700.11205,smbd
1259550700.11599,smbd
1259550700.11985,smbd
1259550700.12404,smbd
1259550700.12844,smbd
1259550701.19463,smbd
1259550701.20439,smbd
1259550703.41762,smbd
1259550703.42537,smbd
1259550703.42937,smbd
1259550703.43372,smbd
1259550703.4381,smbd
1259550703.44203,smbd
1259550706.19931,smbd
1259550706.2078,smbd
1259550706.59454,smbd
1259550707.14415,smbd
1259550707.14899,smbd
1259550707.88501,smbd
1259550707.89046,smbd
1259550707.89447,smbd
1259550707.97404,smbd
1259550708.18524,smbd
1259550708.60108,smbd
1259550708.84265,smbd
1259550708.98581,smbd
1259550709.0148,smbd
1259550709.25383,smbd
1259550710.05752,smbd
1259550710.10888,smbd
1259550710.21075,smbd
1259550710.39526,smbd
1259550711.35492,smbd
1259550711.39189,smbd
1259550712.03307,smbd
1259550712.18626,smbd
1259550712.2621,smbd
1259550712.63882,smbd
1259550713.83531,smbd
1259550714.0147,smbd
1259550714.43843,smbd
1259550715.35678,smbd
1259550715.54938,smbd
1259550716.00902,smbd
1259550716.46834,smbd
1259550716.57788,smbd
1259550716.66061,smbd
1259550717.47499,smbd
1259550718.04743,smbd
1259550719.56224,smbd
1259550719.79153,smbd
1259550719.86313,smbd
1259550720.95757,httpd
1259550721.39622,smbd
1259550721.52023,smbd
1259550721.53614,smbd
1259550721.83808,smbd
1259550722.00157,smbd
1259550723.11982,smbd
1259550723.20377,smbd
1259550723.54125,smbd
1259550724.71189,smbd
1259550725.20486,smbd
1259550728.0644,smbd
1259550728.5631,smbd
1259550728.93102,smbd
1259550728.97294,smbd
1259550729.57851,smbd
1259550729.81131,smbd
1259550730.73232,smbd
1259550731.51352,smbd
1259550731.51812,smbd
1259550731.80261,smbd
1259550732.12014,smbd
1259550732.4512,smbd
1259550733.05685,smbd
1259550733.31693,smbd
1259550733.32637,smbd
1259550733.55672,smbd
1259550733.78949,smbd
1259550734.33174,smbd
1259550734.58022,smbd
1259550734.63884,smbd
1259550734.96598,smbd
1259550735.18852,smbd
1259550735.4553,smbd
1259550735.59521,smbd
1259550736.4774,smbd
1259550736.61802,smbd
1259550736.86358,smbd
1259550737.35197,epmapper
1259550737.44334,epmapper
1259550738.63212,smbd
1259550738.69269,smbd
1259550738.69756,smbd
1259550738.7338,smbd
1259550738.89487,smbd
1259550738.91356,smbd
1259550738.91994,smbd
1259550739.05432,smbd
1259550739.32597,smbd
1259550739.34803,smbd
1259550739.35742,smbd
1259550739.38144,smbd
1259550739.38676,smbd
1259550739.39164,smbd
1259550739.54894,smbd
1259550739.65794,smbd
1259550739.66424,smbd
1259550739.77607,smbd
1259550739.81966,smbd
1259550739.95653,smbd
1259550739.97821,smbd
1259550739.98445,smbd
1259550739.98899,smbd
1259550739.99687,smbd
1259550740.30351,smbd
1259550740.34423,smbd
1259550740.35361,smbd
1259550740.53373,smbd
1259550740.54304,smbd
1259550740.58997,smbd
1259550740.61175,smbd
1259550740.77405,smbd
1259550740.81339,smbd
1259550740.85732,smbd
1259550740.86215,smbd
1259550740.95036,smbd
1259550740.95582,smbd
1259550740.97633,smbd
1259550741.0199,smbd
1259550741.02573,smbd
1259550741.03042,smbd
1259550741.04191,smbd
1259550741.12736,smbd
1259550741.13187,smbd
1259550741.36429,smbd
1259550741.42531,smbd
1259550741.43083,smbd
1259550741.57652,smbd
1259550741.60461,smbd
1259550741.62338,smbd
1259550741.73128,smbd
1259550741.87733,smbd
1259550742.04032,smbd
1259550742.25618,smbd
1259550742.26072,smbd
1259550742.26472,smbd
1259550742.26896,smbd
1259550742.44601,smbd
1259550742.47283,smbd
1259550742.53383,smbd
1259550742.53927,smbd
1259550742.54328,smbd
1259550742.54699,smbd
1259550742.58609,smbd
1259550742.64493,smbd
1259550742.64879,smbd
1259550742.65261,smbd
1259550742.65649,smbd
1259550742.70443,smbd
1259550742.7406,smbd
1259550742.86533,smbd
1259550743.03294,smbd
1259550743.29844,smbd
1259550743.39596,smbd
1259550743.40176,smbd
1259550743.6357,smbd
1259550743.64019,smbd
1259550743.64406,smbd
1259550744.0322,smbd
1259550744.0381,smbd
1259550744.04202,smbd
1259550744.0459,smbd
1259550744.0498,smbd
1259550744.05365,smbd
1259550744.31386,smbd
1259550744.31835,smbd
1259550744.38907,smbd
1259550744.43526,smbd
1259550744.57164,smbd
1259550744.70063,smbd
1259550744.70722,smbd
1259550744.80045,smbd
1259550745.02465,smbd
1259550745.16941,smbd
1259550745.44508,smbd
1259550745.70516,smbd
1259550745.71252,smbd
1259550745.8188,smbd
1259550745.999,smbd
1259550746.04407,smbd
1259550746.08737,smbd
1259550746.09252,smbd
1259550746.09691,smbd
1259550746.2964,smbd
1259550746.30123,smbd
1259550746.30654,smbd
1259550746.31062,smbd
1259550746.31495,smbd
1259550746.61668,smbd
1259550746.62147,smbd
1259550746.76378,smbd
1259550746.77124,smbd
1259550746.77539,smbd
1259550746.77938,smbd
1259550747.04764,smbd
1259550747.05306,smbd
1259550747.057,smbd
1259550747.48322,smbd
1259550748.01591,smbd
1259550748.021,smbd
1259550748.025,smbd
1259550748.80119,httpd
1259550748.80523,smbd
1259550748.80958,smbd
1259550748.81354,smbd
1259550748.81801,smbd
1259550748.82191,smbd
1259550748.82622,smbd
1259550748.83066,smbd
1259550748.83459,smbd
1259550748.83931,smbd
1259550748.84352,smbd
1259550748.84832,smbd
1259550748.85233,smbd
1259550748.85634,smbd
1259550749.66363,smbd
1259550749.66955,smbd
1259550749.67373,smbd
1259550749.67879,smbd
1259550749.68263,smbd
1259550749.68699,smbd
1259550749.69088,smbd
1259550749.69615,smbd
1259550749.72047,ftpctrl
1259550750.60626,smbd
1259550750.6103,smbd
1259550750.61419,smbd
1259550750.61812,smbd
1259550750.6225,smbd
1259550750.62635,smbd
1259550750.63023,smbd
1259550750.63406,smbd
1259550750.63799,smbd
1259550751.42746,smbd
1259550751.43612,smbd
1259550751.43997,smbd
1259550751.44475,smbd
1259550751.44959,smbd
1259550751.45343,smbd
1259550751.45731,smbd
1259550751.46122,smbd
1259550751.46555,smbd
1259550751.4699,smbd
1259550751.4746,smbd
1259550751.47867,smbd
1259550751.48292,smbd
1259550751.48687,smbd
1259550751.49101,smbd
1259550751.49492,smbd
1259550751.50112,smbd
1259550751.50549,smbd
1259550751.51031,smbd
1259550752.26831,smbd
1259550752.27646,smbd
1259550752.28093,smbd
1259550752.2847,smbd
1259550752.28866,smbd
1259550753.12499,smbd
1259550753.13437,smbd
1259550753.13844,smbd
1259550753.1428,smbd
1259550753.14678,smbd
1259550753.15056,smbd
1259550753.15441,smbd
1259550753.1585,smbd
1259550754.2072,smbd
1259550754.21379,smbd
1259550754.21869,smbd
1259550754.22308,smbd
1259550754.22791,smbd
1259550754.23186,smbd
1259550754.23631,smbd
1259550754.24011,smbd
1259550754.24449,smbd
1259550754.24843,smbd
1259550754.25247,smbd
1259550755.19696,smbd
1259550755.20308,smbd
1259550755.20804,smbd
1259550755.21286,smbd
1259550755.21818,smbd
1259550755.22296,smbd
1259550755.22808,smbd
1259550755.23372,smbd
1259550755.23918,smbd
1259550755.24485,smbd
1259550755.24991,smbd
1259550755.25502,smbd
1259550756.16048,smbd
1259550756.16845,smbd
1259550756.17284,smbd
1259550756.17799,smbd
1259550756.18189,smbd
1259550756.18617,smbd
1259550756.19007,smbd
1259550756.19419,smbd
1259550756.1987,smbd
1259550756.20308,smbd
1259550756.20827,smbd
1259550756.21238,smbd
1259550756.21723,smbd
1259550757.96885,smbd
1259550757.97379,smbd
1259550757.9777,smbd
1259550757.98162,smbd
1259550757.98589,smbd
1259550757.99037,smbd
1259550757.99509,smbd
1259550757.99968,smbd
1259550758.0054,smbd
1259550758.01072,smbd
1259550758.01536,smbd
1259550758.02021,smbd
1259550758.02626,smbd
1259550758.03061,smbd
1259550758.03571,smbd
1259550758.04028,httpd
1259550759.62037,smbd
1259550759.62583,smbd
1259550759.6296,smbd
1259550759.63331,smbd
1259550759.6382,smbd
1259550759.64206,smbd
1259550759.64594,smbd
1259550759.65064,smbd
1259550759.65465,smbd
1259550759.65937,smbd
1259550759.66324,smbd
1259550759.66707,smbd
1259550759.6713,smbd
1259550759.67511,smbd
1259550759.67905,smbd
1259550759.68325,smbd
1259550759.6879,smbd
1259550759.69162,smbd
1259550761.0958,smbd
1259550761.10019,smbd
1259550761.10391,smbd
1259550761.10765,smbd
1259550761.11127,smbd
1259550761.11495,smbd
1259550761.11857,smbd
1259550761.12282,smbd
1259550761.12642,smbd
1259550762.91656,smbd
1259550762.92094,smbd
1259550762.92473,smbd
1259550762.92842,smbd
1259550762.93214,smbd
1259550762.93651,smbd
1259550762.94068,smbd
1259550762.94443,smbd
1259550762.94828,smbd
1259550762.9521,smbd
1259550762.95675,smbd
1259550762.96058,smbd
1259550762.96451,smbd
1259550764.51848,smbd
1259550764.52259,smbd
1259550764.52673,smbd
1259550764.53063,smbd
1259550764.53479,smbd
1259550764.53909,smbd
1259550764.5434,smbd
1259550764.54754,smbd
1259550764.55175,smbd
1259550764.55563,smbd
1259550764.5598,smbd
1259550764.9879,ftpdata
1259550766.57954,smbd
1259550766.58355,smbd
1259550766.58772,smbd
1259550766.59237,smbd
1259550766.59623,smbd
1259550767.62372,httpd
1259550768.50181,smbd
1259550768.50559,smbd
1259550768.51062,smbd
1259550768.51481,smbd
1259550768.51906,smbd
1259550768.52375,smbd
1259550768.52877,smbd
1259550768.53267,smbd
1259550768.53788,smbd
1259550768.54163,smbd
1259550768.54533,smbd
1259550768.55074,ftpdata
1259550770.5732,smbd
1259550770.57749,smbd
1259550770.58128,smbd
1259550770.58502,smbd
1259550770.59019,smbd
1259550771.42986,smbd
1259550771.43434,smbd
1259550771.43869,smbd
1259550772.17719,smbd
1259550772.78166,smbd
1259550772.78639,smbd
1259550773.34121,smbd
1259550773.34515,smbd
1259550773.34985,smbd
1259550773.35485,smbd
1259550773.86004,smbd
1259550774.34612,smbd
1259550774.35085,smbd
1259550774.35586,smbd
1259550774.36002,smbd
1259550774.3638,smbd
1259550774.82907,smbd
1259550774.83411,smbd
1259550775.38968,smbd
1259550775.39358,smbd
1259550775.39765,smbd
1259550775.7543,smbd
1259550776.17747,smbd
1259550776.74393,smbd
1259550776.91416,smbd
1259550776.97791,smbd
1259550777.04669,smbd
1259550777.35464,smbd
1259550777.44133,smbd
1259550777.49003,smbd
1259550777.87138,smbd
1259550778.03024,smbd
1259550778.18906,smbd
1259550778.45229,smbd
1259550778.58178,smbd
1259550779.00812,smbd
1259550779.05399,smbd
1259550779.60647,smbd
1259550779.61249,smbd
1259550779.82015,smbd
1259550780.00636,smbd
1259550780.29471,smbd
1259550780.90797,smbd
1259550781.63814,smbd
1259550782.33052,smbd
1259550782.37347,smbd
1259550783.37638,smbd
1259550783.49968,smbd
1259550783.66072,smbd
1259550784.69911,smbd
1259550784.77252,smbd
